"诺维信与爱康集团、维他医药达成战略合作,预防和对抗幽门螺杆菌"
诺维信承办的“品质生活 品质清洁”专题论坛在珠海举办
全新酶制剂产品帮助家禽养殖户增产
诺维信亮相北京设计周 用生物技术设计未来美好生活
诺维信总裁兼首席执行官拜访国家能源局
诺维信亚太区总裁戴彤：生物技术助力全球气候治理行动
从粑粑到酶？ 看生物技术如何帮助皮革业变“清洁”
诺维信上半年销售额有机增长4%
开启乙醇汽油时代 你准备好了吗？
显微镜下的另类世界，竟跟科幻大片一样
诺维信全球最大全规模洗涤实验室在津投运
爱恨情难了的它们，或许能拯救世界
来认识下植物油生产中的“大力神”
健康卫士——酶让我们远离被世卫组织“拉黑”的反式脂肪
秀一下让造纸更清洁的秘密武器
1分钟了解欧盟新出的“考卷”
砥砺前行 共创美好明天 | 诺维信 “共话生物创新”泰达20年总结会在津召开
诺维信参加生态环境部“纪念生物多样性保护行动25周年” 专题宣传活动
诺维信参加生态环境部“纪念生物多样性保护行动25周年” 专题宣传活动
作品征集 | 生物多样性—自然艺术绘画展
诺维信2018年第一季度业绩符合预期，利润率强劲
孟山都与诺维信合作的生物农业联盟推出新生物拌种剂Acceleron B-360 ST
被丙烯酰胺刷屏了？是时候了解一下天冬酰胺酶了
诺维信执行副总裁Andrew Fordyce谈中国食品市场机遇
诺维信发布2017年财报
诺维信生物教育催化生活之美
3分钟让你了解Pure power®
生物农业联盟新型种子包衣产品就绪，有助增产
"《纽约时报》眼中的诺维信：Fighting Climate Change, One Laundry Load at a Time"
【诺维信丨创行】生物教育创新项目获奖团队公布
用酶改变世界的公司 | 诺维信总裁彼得·尼尔森专访
诺维信和格兰富联合在HelloScience平台共同应对水资源挑战
用生物技术护航洗涤业绿色健康发展
诺维信与安迪苏联手推出“安泰来” 助力中国畜牧业健康发展
诺维信诚邀您参加中国洗涤用品行业年会
用生物技术呵护家园
诺维信第三季度增长强劲，前三季度业绩良好
诺维信名列《科学》杂志2017年最佳雇主第二名
2017诺维信烘焙技术创新论坛成功举办
诺维信公司推出HelloScience平台诚邀合作，共同应对全球挑战
诺维信中国研发20年，用生物技术重塑未来
诺维信中国研发20年，用生物技术重塑未来
一小杯酶引发的革命
丹麦诺维信亚太地区运营副总裁彼得：我带来一片绿色四叶草
携手前行——诺维信-帝斯曼酶制剂培训在京举办
诺维信生物教育项目全新优化 惠益万名打工子弟
诺维信上半年业绩和发展势头良好
诺维信得了个“撩人”大奖，你造吗？
2017年诺维信水处理运营技术及管理培训在京举办
如果玉蜀黍也有使命，那会是啥？
你心中的深夜食堂美食是哪一款？
诺维信与清华大学环境学院签署赞助协议
拜拜啦！ 煤炭君
酷暑难耐，水泥也得慢下来
如何让跑鞋销魂的味道去无踪？
诺维信亮相第八届“低碳生活·绿色发展”公益图片展
当你吃燕麦时会发生什么？
生啤、扎啤、黑啤、纯生？傻傻分不清
十二年 一个关于收获与成长的故事
诺维信Medley家族又增新成员，性能和稳定性更强
诺维信：充分释放生物潜能  助力中国经济可持续发展
诺维信CEO：期待中丹在可持续发展领域进一步加强合作
有多少故事与青春有关？
诺维信2017年第一季度财务报告发布，开局良好
5月4日-6日环博会，我在，你来不来？
神奇的剪刀手除了爱德华，还有TA？
诺维信增强中国研发投入，助力可持续发展
健康成长 它们也需要我们的关爱
戴彤：期待外商投资政策进一步落地实施
"诺维信与您携手共创""酶""好明天  3月24-26日, 我们在FIC等您"
当农业遇上生物解决方案
汤臣倍健携手诺维信旗下Organobalance公司，推出膳食补充剂
在诺维信工作是怎样一种体验？听听女神们怎么讲
诺维信推出可提高乙醇产率和工厂盈利的先进酶制剂
【诺维信 | 创行】第二季“生物小讲堂 创造不寻常”生物教育创新项目再启程
重塑未来的原力在哪里？（内有福利）
三生三世 我愿执子之手 你愿与我偕老吗？
节日大餐美味，新衣上的污渍咋办？
【鸡年到】 你的健康，我来守护
你知道诺维信的可持续发展表现有多优秀吗？
诺维信发布2016年财务报告
牛奶过敏？也许是乳糖不耐受！
诺维信教育计划点亮百万梦想
酸奶到底怎么喝才更健康？
腊八节，你只知道吃腊八粥？
2017倒计时1天，看世界各地如何跨年！
每天开门七件事，柴米油盐酱醋茶
传说中别人家的圣诞节是怎么过的?
冬至为什么要吃饺子？
古埃及人:你饿不饿?我做个面包给你吃!
"红酒+奶酪:不可以减肥,但可以让红酒更好喝"
诺维信: 生物技术为绿色城镇化保驾护航
国际土壤日说微生物
喝果汁能不能代替吃水果
​从生活到课堂：认识酶的世界，参与探索实践
诺维信获优秀原料供应商奖
"创新促进发展:诺维信丹麦创新园区破土动工,印度新工厂计划启动"
谁能助“发酵能手”一臂之力？
"每顿饭都离不开油,真正健康的油什么样?"
诺维信助力白酒行业发展
